Workbook

Sheet Résumé
B2: Suivi budget mariage
B3: Renseignez l'enveloppe globale ci-dessous ; le reste se calcule automatiquement depuis les feuilles par cérémonie.
B5: Cérémonie | C5: Enveloppe globale (€) | D5: Budget prévu (€) | E5: Montant réel (€) | F5: Reste à payer (€) | G5: Reste à allouer (€)
B6: Bordeaux (civil) | D6: ='Bordeaux - 23-10-2027'!C26 | E6: ='Bordeaux - 23-10-2027'!D26 | F6: ='Bordeaux - 23-10-2027'!F26 | G6: =C6-D6
B7: La Réunion (religieux) | D7: ='La Réunion - 17-12-2027'!C26 | E7: ='La Réunion - 17-12-2027'!D26 | F7: ='La Réunion - 17-12-2027'!F26 | G7: =C7-D7
B8: TOTAL | C8: =SUM(C6:C7) | D8: =SUM(D6:D7) | E8: =SUM(E6:E7) | F8: =SUM(F6:F7) | G8: =SUM(G6:G7)
B10: % du budget prévu dépensé : | D10: =IFERROR(E8/D8,"–")
B11: % de l'enveloppe globale allouée : | D11: =IFERROR(D8/C8,"–")
B13: Légende
B14: Jaune = cellules à compléter (enveloppe globale, montants, statut payé, notes). La ligne "Photographe (exemple)" sur chaque feuille de cérémonie montre le format attendu — à modifier ou supprimer.

Sheet Bordeaux - 23-10-2027
A1: Catégorie | B1: Poste de dépense | C1: Budget prévu (€) | D1: Montant réel (€) | E1: Payé | F1: Reste à payer (€) | G1: Notes
A2: Prestataires | B2: Photographe (exemple – à modifier ou supprimer) | C2: 1500 | D2: 1500 | E2: Oui | F2: =IF(E2="Oui",0,D2) | G2: Acompte versé le 10/01
A3: Lieu & Réception | B3: Location de la salle | E3: Non | F3: =IF(E3="Oui",0,D3)
A4: Lieu & Réception | B4: Traiteur (repas + boissons) | E4: Non | F4: =IF(E4="Oui",0,D4)
A5: Lieu & Réception | B5: Gâteau / pièce montée | E5: Non | F5: =IF(E5="Oui",0,D5)
A6: Tenues | B6: Robe de mariée | E6: Non | F6: =IF(E6="Oui",0,D6)
A7: Tenues | B7: Costume du marié | E7: Non | F7: =IF(E7="Oui",0,D7)
A8: Tenues | B8: Chaussures & accessoires | E8: Non | F8: =IF(E8="Oui",0,D8)
A9: Beauté | B9: Coiffure | E9: Non | F9: =IF(E9="Oui",0,D9)
A10: Beauté | B10: Maquillage | E10: Non | F10: =IF(E10="Oui",0,D10)
A11: Décoration & Fleurs | B11: Bouquet & fleurs de cérémonie | E11: Non | F11: =IF(E11="Oui",0,D11)
A12: Décoration & Fleurs | B12: Décoration de salle | E12: Non | F12: =IF(E12="Oui",0,D12)
A13: Prestataires | B13: Photographe | E13: Non | F13: =IF(E13="Oui",0,D13)
A14: Prestataires | B14: Vidéaste | E14: Non | F14: =IF(E14="Oui",0,D14)
... A25: Divers | B25: Imprévus / marge de sécurité | E25: Non | F25: =IF(E25="Oui",0,D25)
A26: TOTAL | C26: =SUM(C2:C25) | D26: =SUM(D2:D25) | F26: =SUM(F2:F25)
A28: Sous-total par catégorie
A29: Catégorie | C29: Prévu (€) | D29: Réel (€)
A30: Prestataires | C30: =SUMIF($A$2:$A$25,A30,$C$2:$C$25) | D30: =SUMIF($A$2:$A$25,A30,$D$2:$D$25)
A31: Lieu & Réception | C31: =SUMIF($A$2:$A$25,A31,$C$2:$C$25) | D31: =SUMIF($A$2:$A$25,A31,$D$2:$D$25)
A32: Tenues | C32: =SUMIF($A$2:$A$25,A32,$C$2:$C$25) | D32: =SUMIF($A$2:$A$25,A32,$D$2:$D$25)
A33: Beauté | C33: =SUMIF($A$2:$A$25,A33,$C$2:$C$25) | D33: =SUMIF($A$2:$A$25,A33,$D$2:$D$25)
A34: Décoration & Fleurs | C34: =SUMIF($A$2:$A$25,A34,$C$2:$C$25) | D34: =SUMIF($A$2:$A$25,A34,$D$2:$D$25)
A35: Papeterie | C35: =SUMIF($A$2:$A$25,A35,$C$2:$C$25) | D35: =SUMIF($A$2:$A$25,A35,$D$2:$D$25)
A36: Cérémonie | C36: =SUMIF($A$2:$A$25,A36,$C$2:$C$25) | D36: =SUMIF($A$2:$A$25,A36,$D$2:$D$25)
A37: Transport | C37: =SUMIF($A$2:$A$25,A37,$C$2:$C$25) | D37: =SUMIF($A$2:$A$25,A37,$D$2:$D$25)
A38: Invités | C38: =SUMIF($A$2:$A$25,A38,$C$2:$C$25) | D38: =SUMIF($A$2:$A$25,A38,$D$2:$D$25)
A39: Voyage | C39: =SUMIF($A$2:$A$25,A39,$C$2:$C$25) | D39: =SUMIF($A$2:$A$25,A39,$D$2:$D$25)
A40: Divers | C40: =SUMIF($A$2:$A$25,A40,$C$2:$C$25) | D40: =SUMIF($A$2:$A$25,A40,$D$2:$D$25)

Sheet La Réunion - 17-12-2027
A1: Catégorie | B1: Poste de dépense | C1: Budget prévu (€) | D1: Montant réel (€) | E1: Payé | F1: Reste à payer (€) | G1: Notes
A2: Prestataires | B2: Photographe (exemple – à modifier ou supprimer) | C2: 1500 | D2: 1500 | E2: Oui | F2: =IF(E2="Oui",0,D2) | G2: Acompte versé le 10/01
A3: Lieu & Réception | B3: Location de la salle | E3: Non | F3: =IF(E3="Oui",0,D3)
A4: Lieu & Réception | B4: Traiteur (repas + boissons) | E4: Non | F4: =IF(E4="Oui",0,D4)
A5: Lieu & Réception | B5: Gâteau / pièce montée | E5: Non | F5: =IF(E5="Oui",0,D5)
A6: Tenues | B6: Robe de mariée | E6: Non | F6: =IF(E6="Oui",0,D6)
A7: Tenues | B7: Costume du marié | E7: Non | F7: =IF(E7="Oui",0,D7)
A8: Tenues | B8: Chaussures & accessoires | E8: Non | F8: =IF(E8="Oui",0,D8)
A9: Beauté | B9: Coiffure | E9: Non | F9: =IF(E9="Oui",0,D9)
A10: Beauté | B10: Maquillage | E10: Non | F10: =IF(E10="Oui",0,D10)
A11: Décoration & Fleurs | B11: Bouquet & fleurs de cérémonie | E11: Non | F11: =IF(E11="Oui",0,D11)
A12: Décoration & Fleurs | B12: Décoration de salle | E12: Non | F12: =IF(E12="Oui",0,D12)
A13: Prestataires | B13: Photographe | E13: Non | F13: =IF(E13="Oui",0,D13)
A14: Prestataires | B14: Vidéaste | E14: Non | F14: =IF(E14="Oui",0,D14)
... A25: Divers | B25: Imprévus / marge de sécurité | E25: Non | F25: =IF(E25="Oui",0,D25)
A26: TOTAL | C26: =SUM(C2:C25) | D26: =SUM(D2:D25) | F26: =SUM(F2:F25)
A28: Sous-total par catégorie
A29: Catégorie | C29: Prévu (€) | D29: Réel (€)
A30: Prestataires | C30: =SUMIF($A$2:$A$25,A30,$C$2:$C$25) | D30: =SUMIF($A$2:$A$25,A30,$D$2:$D$25)
A31: Lieu & Réception | C31: =SUMIF($A$2:$A$25,A31,$C$2:$C$25) | D31: =SUMIF($A$2:$A$25,A31,$D$2:$D$25)
A32: Tenues | C32: =SUMIF($A$2:$A$25,A32,$C$2:$C$25) | D32: =SUMIF($A$2:$A$25,A32,$D$2:$D$25)
A33: Beauté | C33: =SUMIF($A$2:$A$25,A33,$C$2:$C$25) | D33: =SUMIF($A$2:$A$25,A33,$D$2:$D$25)
A34: Décoration & Fleurs | C34: =SUMIF($A$2:$A$25,A34,$C$2:$C$25) | D34: =SUMIF($A$2:$A$25,A34,$D$2:$D$25)
A35: Papeterie | C35: =SUMIF($A$2:$A$25,A35,$C$2:$C$25) | D35: =SUMIF($A$2:$A$25,A35,$D$2:$D$25)
A36: Cérémonie | C36: =SUMIF($A$2:$A$25,A36,$C$2:$C$25) | D36: =SUMIF($A$2:$A$25,A36,$D$2:$D$25)
A37: Transport | C37: =SUMIF($A$2:$A$25,A37,$C$2:$C$25) | D37: =SUMIF($A$2:$A$25,A37,$D$2:$D$25)
A38: Invités | C38: =SUMIF($A$2:$A$25,A38,$C$2:$C$25) | D38: =SUMIF($A$2:$A$25,A38,$D$2:$D$25)
A39: Voyage | C39: =SUMIF($A$2:$A$25,A39,$C$2:$C$25) | D39: =SUMIF($A$2:$A$25,A39,$D$2:$D$25)
A40: Divers | C40: =SUMIF($A$2:$A$25,A40,$C$2:$C$25) | D40: =SUMIF($A$2:$A$25,A40,$D$2:$D$25)
